feature,importance
lag_7,0.4023812753330182
lag_14,0.32375558962759504
lag_28,0.21252866535304465
lag_1,0.02598702035951169
rolling_mean_7,0.02360808917039987
day_num,0.007970631996833812
day_of_year,0.0019168279621618542
day_of_week,0.000579621558545783
rolling_std_14,0.0003990489816297746
rolling_std_7,0.0003673299512941392
rolling_mean_14,0.00034960065269281824
month,0.0001562990532725076
