feature,importance
lag_28,0.534598373044802
lag_7,0.32045391899029413
lag_14,0.12163222089394883
lag_1,0.009303883218823906
rolling_mean_7,0.0051422567377865745
rolling_mean_14,0.0036684652408316316
day_num,0.0035226855532188486
day_of_year,0.0009658298252102436
day_of_week,0.00029357430536470884
month,0.00015508077120060488
rolling_std_7,0.00014345312770434185
rolling_std_14,0.00012025829081422162
