feature,importance
lag_7,0.46234122
lag_14,0.31338075
lag_28,0.112191096
rolling_mean_7,0.046831377
lag_1,0.036283057
month,0.011823709
day_of_year,0.006144964
day_of_week,0.0027936804
day_num,0.002697355
rolling_mean_14,0.0024963322
rolling_std_7,0.0021884271
rolling_std_14,0.0008280048
