feature,importance
lag_28,0.42837986
lag_7,0.2717418
lag_14,0.12642966
rolling_mean_14,0.0848782
day_num,0.03757714
lag_1,0.035350915
rolling_mean_7,0.0072544287
day_of_year,0.00315032
month,0.0028624537
day_of_week,0.0013464097
rolling_std_14,0.00058183173
rolling_std_7,0.00044694528
